{
	"format_version": "1.8.0",
	"animations": {
		"animation.zhenyuansujia.dong": {
			"loop": true,
			"animation_length": 12,
			"bones": {
				"wing": {
					"position": {
						"0.0": [0, 0, 0],
						"3.0": [0, -3, 0],
						"9.0": [0, 3, 0],
						"12.0": [0, 0, 0]
					}
				},
				"qiuzuo": {
					"rotation": {
						"0.0": [0, 0, 0],
						"0.1": [0, 0, 2.61],
						"1.4": [0, 0, 41.13402],
						"2.7": [0, 0, 80.25715],
						"4.0": [0, 0, 119.51374],
						"5.3": [0, 0, 158.82427],
						"6.6": [0, 0, 198.15079],
						"7.9": [0, 0, 237.46368],
						"9.2": [0, 0, 276.7263],
						"10.5": [0, 0, 315.86511],
						"11.7": [0, 0, 351.60857],
						"11.9": [0, 0, 357.39],
						"12.0": [0, 0, 360]
					}
				},
				"qiuyou": {
					"rotation": {
						"0.0": [0, 0, 0],
						"12.0": [0, 360, 0]
					}
				},
				"qiuzhong": {
					"rotation": {
						"0.0": [0, 0, 0],
						"12.0": [360, 0, 0]
					}
				}
			}
		}
	}
}